task,feature_set,model,n_train,n_val,n_test,validation_threshold,validation_n_trades,auroc,auprc,balanced_accuracy,brier_score,net_bps_captured,hit_rate_above_cost,n_trades,final_pnl_usd,sharpe_ratio
basis_usdc_1m_gt10bps,price_only,oracle,9886,11222,13257,0.5,0,0.5185859286492331,0.16224882747159614,0.5185859286492331,0.15825601568982425,161.72755272090245,1.0,316,255529.53329902564,85.62063576930568
basis_usdc_1m_gt10bps,price_plus_book,oracle,9886,11222,13257,0.5,0,0.5185859286492331,0.16224882747159614,0.5185859286492331,0.15825601568982425,161.72755272090245,1.0,316,255529.53329902564,85.62063576930568
basis_usdc_1m_gt10bps,price_book_frag,oracle,9886,11222,13257,0.5,0,0.5185859286492331,0.16224882747159614,0.5185859286492331,0.15825601568982425,161.72755272090245,1.0,316,255529.53329902564,85.62063576930568
basis_usdc_1m_gt10bps,price_book_settle,oracle,9886,11222,13257,0.5,0,0.5185859286492331,0.16224882747159614,0.5185859286492331,0.15825601568982425,161.72755272090245,1.0,316,255529.53329902564,85.62063576930568
basis_usdc_1m_gt10bps,price_plus_book,logistic,9886,11222,13257,0.5,3,0.13313610936839554,0.08616201495490436,0.500249500998004,0.1510885611467531,-49.087759899391905,0.0,1,-245.43879949695952,-6.296822200521857
basis_usdc_1m_gt10bps,price_book_frag,logistic,9886,11222,13257,0.5,3,0.13313610936839554,0.08616201495490436,0.500249500998004,0.1510885611467531,-49.087759899391905,0.0,1,-245.43879949695952,-6.296822200521857
basis_usdc_1m_gt10bps,price_book_settle,logistic,9886,11222,13257,0.5,3,0.13313610936839554,0.08616201495490436,0.500249500998004,0.1510885611467531,-49.087759899391905,0.0,1,-245.43879949695952,-6.296822200521857
basis_usdc_1m_gt10bps,price_only,gross_arb_threshold,9886,11222,13257,0.05,118,0.5304626683716013,0.16775502002854636,0.5304626683716013,0.16768499660556688,-136.04315951678453,0.03927986906710311,611,-415611.8523237767,-91.64442989408329
basis_usdc_1m_gt10bps,price_plus_book,gross_arb_threshold,9886,11222,13257,0.05,118,0.5304626683716013,0.16775502002854636,0.5304626683716013,0.16768499660556688,-136.04315951678453,0.03927986906710311,611,-415611.8523237767,-91.64442989408329
basis_usdc_1m_gt10bps,price_book_frag,gross_arb_threshold,9886,11222,13257,0.05,118,0.5304626683716013,0.16775502002854636,0.5304626683716013,0.16768499660556688,-136.04315951678453,0.03927986906710311,611,-415611.8523237767,-91.64442989408329
basis_usdc_1m_gt10bps,price_book_settle,gross_arb_threshold,9886,11222,13257,0.05,118,0.5304626683716013,0.16775502002854636,0.5304626683716013,0.16768499660556688,-136.04315951678453,0.03927986906710311,611,-415611.8523237767,-91.64442989408329
basis_usdc_1m_gt10bps,price_only,price_threshold_10bps,9886,11222,13257,0.05,1268,0.828725580031619,0.5472761123562373,0.828725580031619,0.08780267028739534,-269.46485058951066,0.057942057942057944,2002,-2697343.1544009987,-158.9891002758604
basis_usdc_1m_gt10bps,price_plus_book,price_threshold_10bps,9886,11222,13257,0.05,1268,0.828725580031619,0.5472761123562373,0.828725580031619,0.08780267028739534,-269.46485058951066,0.057942057942057944,2002,-2697343.1544009987,-158.9891002758604
basis_usdc_1m_gt10bps,price_book_frag,price_threshold_10bps,9886,11222,13257,0.05,1268,0.828725580031619,0.5472761123562373,0.828725580031619,0.08780267028739534,-269.46485058951066,0.057942057942057944,2002,-2697343.1544009987,-158.9891002758604
basis_usdc_1m_gt10bps,price_book_settle,price_threshold_10bps,9886,11222,13257,0.05,1268,0.828725580031619,0.5472761123562373,0.828725580031619,0.08780267028739534,-269.46485058951066,0.057942057942057944,2002,-2697343.1544009987,-158.9891002758604
basis_usdc_1m_gt10bps,price_only,lgbm,9886,11222,13257,0.5,1,0.6262073737533376,0.2012958940353462,0.499822269616991,0.15131170259595497,-329.0666559417885,0.0,4,-6581.333118835771,-8.159653411029442
basis_usdc_1m_gt10bps,price_only,price_threshold_25bps,9886,11222,13257,0.05,107,0.7427439176565558,0.5429186478687605,0.7427439176565558,0.0809383721807347,-346.6231934473439,0.051306873184898356,1033,-1790308.7941555323,-123.56096056272283
basis_usdc_1m_gt10bps,price_plus_book,price_threshold_25bps,9886,11222,13257,0.05,107,0.7427439176565558,0.5429186478687605,0.7427439176565558,0.0809383721807347,-346.6231934473439,0.051306873184898356,1033,-1790308.7941555323,-123.56096056272283
basis_usdc_1m_gt10bps,price_book_frag,price_threshold_25bps,9886,11222,13257,0.05,107,0.7427439176565558,0.5429186478687605,0.7427439176565558,0.0809383721807347,-346.6231934473439,0.051306873184898356,1033,-1790308.7941555323,-123.56096056272283
basis_usdc_1m_gt10bps,price_book_settle,price_threshold_25bps,9886,11222,13257,0.05,107,0.7427439176565558,0.5429186478687605,0.7427439176565558,0.0809383721807347,-346.6231934473439,0.051306873184898356,1033,-1790308.7941555323,-123.56096056272283
basis_usdc_1m_gt10bps,price_only,no_trade,9886,11222,13257,0.5,0,0.5,0.1511654220411858,0.5,0.1511654220411858,nan,nan,0,0.0,nan
basis_usdc_1m_gt10bps,price_only,logistic,9886,11222,13257,0.5,1,0.13249423130101656,0.085709798103949,0.5,0.15116333371898133,nan,nan,0,0.0,nan
basis_usdc_1m_gt10bps,price_only,lasso,9886,11222,13257,0.5,0,0.5,0.1511654220411858,0.5,0.1495733326014018,nan,nan,0,0.0,nan
basis_usdc_1m_gt10bps,price_only,rf,9886,11222,13257,0.05,862,0.6086710432330044,0.21238863568338373,0.5,0.14400161057067573,nan,nan,0,0.0,nan
basis_usdc_1m_gt10bps,price_only,xgb,9886,11222,13257,0.05,290,0.7091082431245215,0.3779460978605281,0.5,0.14646394550800323,nan,nan,0,0.0,nan
basis_usdc_1m_gt10bps,price_plus_book,no_trade,9886,11222,13257,0.5,0,0.5,0.1511654220411858,0.5,0.1511654220411858,nan,nan,0,0.0,nan
basis_usdc_1m_gt10bps,price_plus_book,lasso,9886,11222,13257,0.5,0,0.5,0.1511654220411858,0.5,0.1495733326014018,nan,nan,0,0.0,nan
basis_usdc_1m_gt10bps,price_plus_book,rf,9886,11222,13257,0.05,1278,0.7627209590416608,0.3714559944999402,0.5,0.1389887778373378,nan,nan,0,0.0,nan
basis_usdc_1m_gt10bps,price_plus_book,xgb,9886,11222,13257,0.1062,27,0.6843259184997994,0.2750078032622718,0.5,0.1496771275997162,nan,nan,0,0.0,nan
basis_usdc_1m_gt10bps,price_plus_book,lgbm,9886,11222,13257,0.5,0,0.6529898525174835,0.2220051097128432,0.5,0.15116192878161827,nan,nan,0,0.0,nan
basis_usdc_1m_gt10bps,price_book_frag,no_trade,9886,11222,13257,0.5,0,0.5,0.1511654220411858,0.5,0.1511654220411858,nan,nan,0,0.0,nan
basis_usdc_1m_gt10bps,price_book_frag,lasso,9886,11222,13257,0.5,0,0.5,0.1511654220411858,0.5,0.1495733326014018,nan,nan,0,0.0,nan
basis_usdc_1m_gt10bps,price_book_frag,rf,9886,11222,13257,0.05,1090,0.7645016108367997,0.41437130904444536,0.5,0.13979507254784404,nan,nan,0,0.0,nan
basis_usdc_1m_gt10bps,price_book_frag,xgb,9886,11222,13257,0.05,56,0.6600984470231314,0.2298347997934798,0.5,0.15028727054595947,nan,nan,0,0.0,nan
basis_usdc_1m_gt10bps,price_book_frag,lgbm,9886,11222,13257,0.5,0,0.6529898525174835,0.2220051097128432,0.5,0.15116192878161827,nan,nan,0,0.0,nan
basis_usdc_1m_gt10bps,price_book_settle,no_trade,9886,11222,13257,0.5,0,0.5,0.1511654220411858,0.5,0.1511654220411858,nan,nan,0,0.0,nan
basis_usdc_1m_gt10bps,price_book_settle,lasso,9886,11222,13257,0.5,0,0.5,0.1511654220411858,0.5,0.1495733326014018,nan,nan,0,0.0,nan
basis_usdc_1m_gt10bps,price_book_settle,rf,9886,11222,13257,0.05,1090,0.7645016108367997,0.4143731103573342,0.5,0.13979507254784404,nan,nan,0,0.0,nan
basis_usdc_1m_gt10bps,price_book_settle,xgb,9886,11222,13257,0.05,56,0.6600984470231314,0.2298347997934798,0.5,0.15028727054595947,nan,nan,0,0.0,nan
basis_usdc_1m_gt10bps,price_book_settle,lgbm,9886,11222,13257,0.5,0,0.6529898525174835,0.2220051097128432,0.5,0.15116192878161827,nan,nan,0,0.0,nan
basis_usdc_5m_gt25bps,price_only,oracle,9882,11218,13257,0.5,0,0.51067449655349,0.0807996094309855,0.51067449655349,0.09504412763068568,161.72755272090245,1.0,316,255529.53329902564,85.62063576930566
basis_usdc_5m_gt25bps,price_plus_book,oracle,9882,11218,13257,0.5,0,0.51067449655349,0.0807996094309855,0.51067449655349,0.09504412763068568,161.72755272090245,1.0,316,255529.53329902564,85.62063576930566
basis_usdc_5m_gt25bps,price_book_frag,oracle,9882,11218,13257,0.5,0,0.51067449655349,0.0807996094309855,0.51067449655349,0.09504412763068568,161.72755272090245,1.0,316,255529.53329902564,85.62063576930566
basis_usdc_5m_gt25bps,price_book_settle,oracle,9882,11218,13257,0.5,0,0.51067449655349,0.0807996094309855,0.51067449655349,0.09504412763068568,161.72755272090245,1.0,316,255529.53329902564,85.62063576930566
basis_usdc_5m_gt25bps,price_only,gross_arb_threshold,9882,11218,13257,0.05,121,0.48392204916659165,0.07717163079045916,0.4839220491665916,0.12152070604209098,-136.04315951678453,0.03927986906710311,611,-415611.8523237767,-91.64442989408329
basis_usdc_5m_gt25bps,price_plus_book,gross_arb_threshold,9882,11218,13257,0.05,121,0.48392204916659165,0.07717163079045916,0.4839220491665916,0.12152070604209098,-136.04315951678453,0.03927986906710311,611,-415611.8523237767,-91.64442989408329
basis_usdc_5m_gt25bps,price_book_frag,gross_arb_threshold,9882,11218,13257,0.05,121,0.48392204916659165,0.07717163079045916,0.4839220491665916,0.12152070604209098,-136.04315951678453,0.03927986906710311,611,-415611.8523237767,-91.64442989408329
basis_usdc_5m_gt25bps,price_book_settle,gross_arb_threshold,9882,11218,13257,0.05,121,0.48392204916659165,0.07717163079045916,0.4839220491665916,0.12152070604209098,-136.04315951678453,0.03927986906710311,611,-415611.8523237767,-91.64442989408329
basis_usdc_5m_gt25bps,price_only,price_threshold_10bps,9882,11218,13257,0.05,1273,0.9228046310891522,0.45338581755793694,0.9228046310891522,0.08357848683714264,-269.90176498530025,0.05805805805805806,1998,-2696318.6322031473,-158.92764895376615
basis_usdc_5m_gt25bps,price_plus_book,price_threshold_10bps,9882,11218,13257,0.05,1273,0.9228046310891522,0.45338581755793694,0.9228046310891522,0.08357848683714264,-269.90176498530025,0.05805805805805806,1998,-2696318.6322031473,-158.92764895376615
basis_usdc_5m_gt25bps,price_book_frag,price_threshold_10bps,9882,11218,13257,0.05,1273,0.9228046310891522,0.45338581755793694,0.9228046310891522,0.08357848683714264,-269.90176498530025,0.05805805805805806,1998,-2696318.6322031473,-158.92764895376615
basis_usdc_5m_gt25bps,price_book_settle,price_threshold_10bps,9882,11218,13257,0.05,1273,0.9228046310891522,0.45338581755793694,0.9228046310891522,0.08357848683714264,-269.90176498530025,0.05805805805805806,1998,-2696318.6322031473,-158.92764895376615
basis_usdc_5m_gt25bps,price_only,price_threshold_25bps,9882,11218,13257,0.05,111,0.9430377949045233,0.812391487121517,0.9430377949045233,0.016066983480425436,-347.7714814300641,0.05150631681243926,1029,-1789284.2719576808,-123.49015905385045
basis_usdc_5m_gt25bps,price_plus_book,price_threshold_25bps,9882,11218,13257,0.05,111,0.9430377949045233,0.812391487121517,0.9430377949045233,0.016066983480425436,-347.7714814300641,0.05150631681243926,1029,-1789284.2719576808,-123.49015905385045
basis_usdc_5m_gt25bps,price_book_frag,price_threshold_25bps,9882,11218,13257,0.05,111,0.9430377949045233,0.812391487121517,0.9430377949045233,0.016066983480425436,-347.7714814300641,0.05150631681243926,1029,-1789284.2719576808,-123.49015905385045
basis_usdc_5m_gt25bps,price_book_settle,price_threshold_25bps,9882,11218,13257,0.05,111,0.9430377949045233,0.812391487121517,0.9430377949045233,0.016066983480425436,-347.7714814300641,0.05150631681243926,1029,-1789284.2719576808,-123.49015905385045
basis_usdc_5m_gt25bps,price_only,no_trade,9882,11218,13257,0.5,0,0.5,0.077996530135023,0.5,0.077996530135023,nan,nan,0,0.0,nan
basis_usdc_5m_gt25bps,price_only,lasso,9882,11218,13257,0.5,0,0.5,0.077996530135023,0.5,0.077996530135023,nan,nan,0,0.0,nan
basis_usdc_5m_gt25bps,price_only,xgb,9882,11218,13257,0.5,0,0.5,0.077996530135023,0.5,0.0779963806271553,nan,nan,0,0.0,nan
basis_usdc_5m_gt25bps,price_only,lgbm,9882,11218,13257,0.5,0,0.5,0.077996530135023,0.5,0.07799653013502285,nan,nan,0,0.0,nan
basis_usdc_5m_gt25bps,price_plus_book,no_trade,9882,11218,13257,0.5,0,0.5,0.077996530135023,0.5,0.077996530135023,nan,nan,0,0.0,nan
basis_usdc_5m_gt25bps,price_plus_book,lasso,9882,11218,13257,0.5,0,0.5,0.077996530135023,0.5,0.077996530135023,nan,nan,0,0.0,nan
basis_usdc_5m_gt25bps,price_plus_book,xgb,9882,11218,13257,0.5,0,0.5,0.077996530135023,0.5,0.0779963806271553,nan,nan,0,0.0,nan
basis_usdc_5m_gt25bps,price_plus_book,lgbm,9882,11218,13257,0.5,0,0.5,0.077996530135023,0.5,0.07799653013502285,nan,nan,0,0.0,nan
basis_usdc_5m_gt25bps,price_book_frag,no_trade,9882,11218,13257,0.5,0,0.5,0.077996530135023,0.5,0.077996530135023,nan,nan,0,0.0,nan
basis_usdc_5m_gt25bps,price_book_frag,lasso,9882,11218,13257,0.5,0,0.5,0.077996530135023,0.5,0.077996530135023,nan,nan,0,0.0,nan
basis_usdc_5m_gt25bps,price_book_frag,xgb,9882,11218,13257,0.5,0,0.5,0.077996530135023,0.5,0.0779963806271553,nan,nan,0,0.0,nan
basis_usdc_5m_gt25bps,price_book_frag,lgbm,9882,11218,13257,0.5,0,0.5,0.077996530135023,0.5,0.07799653013502285,nan,nan,0,0.0,nan
basis_usdc_5m_gt25bps,price_book_settle,no_trade,9882,11218,13257,0.5,0,0.5,0.077996530135023,0.5,0.077996530135023,nan,nan,0,0.0,nan
basis_usdc_5m_gt25bps,price_book_settle,lasso,9882,11218,13257,0.5,0,0.5,0.077996530135023,0.5,0.077996530135023,nan,nan,0,0.0,nan
basis_usdc_5m_gt25bps,price_book_settle,xgb,9882,11218,13257,0.5,0,0.5,0.077996530135023,0.5,0.0779963806271553,nan,nan,0,0.0,nan
basis_usdc_5m_gt25bps,price_book_settle,lgbm,9882,11218,13257,0.5,0,0.5,0.077996530135023,0.5,0.07799653013502285,nan,nan,0,0.0,nan
executable_arb_q10000_5m,price_only,oracle,19837,11354,15514,0.5,0,0.7958612975391499,0.6152497318579827,0.7958612975391499,0.023527136779682867,224.56817889786163,1.0,529,118796.56663696877,116.56258563930298
executable_arb_q10000_5m,price_plus_book,oracle,19837,11354,15514,0.5,0,0.7958612975391499,0.6152497318579827,0.7958612975391499,0.023527136779682867,224.56817889786163,1.0,529,118796.56663696877,116.56258563930298
executable_arb_q10000_5m,price_book_frag,oracle,19837,11354,15514,0.5,0,0.7958612975391499,0.6152497318579827,0.7958612975391499,0.023527136779682867,224.56817889786163,1.0,529,118796.56663696877,116.56258563930298
executable_arb_q10000_5m,price_book_settle,oracle,19837,11354,15514,0.5,0,0.7958612975391499,0.6152497318579827,0.7958612975391499,0.023527136779682867,224.56817889786163,1.0,529,118796.56663696877,116.56258563930298
executable_arb_q10000_5m,price_only,price_threshold_25bps,19837,11354,15514,0.05,116,0.5162163320143103,0.060142382847135446,0.5162163320143104,0.11712002062653087,-42.89886572369841,0.04072398190045249,1105,-47403.24662468672,-63.35014847297692
executable_arb_q10000_5m,price_plus_book,price_threshold_25bps,19837,11354,15514,0.05,116,0.5162163320143103,0.060142382847135446,0.5162163320143104,0.11712002062653087,-42.89886572369841,0.04072398190045249,1105,-47403.24662468672,-63.35014847297692
executable_arb_q10000_5m,price_book_frag,price_threshold_25bps,19837,11354,15514,0.05,116,0.5162163320143103,0.060142382847135446,0.5162163320143104,0.11712002062653087,-42.89886572369841,0.04072398190045249,1105,-47403.24662468672,-63.35014847297692
executable_arb_q10000_5m,price_book_settle,price_threshold_25bps,19837,11354,15514,0.05,116,0.5162163320143103,0.060142382847135446,0.5162163320143104,0.11712002062653087,-42.89886572369841,0.04072398190045249,1105,-47403.24662468672,-63.35014847297692
executable_arb_q10000_5m,price_only,price_threshold_10bps,19837,11354,15514,0.05,1280,0.5652579745804986,0.06952246096976394,0.5652579745804986,0.2038159082119376,-61.49801002449218,0.060455192034139404,2812,-172932.40418887182,-136.23453828137997
executable_arb_q10000_5m,price_plus_book,price_threshold_10bps,19837,11354,15514,0.05,1280,0.5652579745804986,0.06952246096976394,0.5652579745804986,0.2038159082119376,-61.49801002449218,0.060455192034139404,2812,-172932.40418887182,-136.23453828137997
executable_arb_q10000_5m,price_book_frag,price_threshold_10bps,19837,11354,15514,0.05,1280,0.5652579745804986,0.06952246096976394,0.5652579745804986,0.2038159082119376,-61.49801002449218,0.060455192034139404,2812,-172932.40418887182,-136.23453828137997
executable_arb_q10000_5m,price_book_settle,price_threshold_10bps,19837,11354,15514,0.05,1280,0.5652579745804986,0.06952246096976394,0.5652579745804986,0.2038159082119376,-61.49801002449218,0.060455192034139404,2812,-172932.40418887182,-136.23453828137997
executable_arb_q10000_5m,price_only,gross_arb_threshold,19837,11354,15514,0.05,125,0.515125460204372,0.060384180301512304,0.5151254602043721,0.09146577285032874,-90.72732782692081,0.05837173579109063,651,-59063.49041532547,-96.38388003519263
executable_arb_q10000_5m,price_plus_book,gross_arb_threshold,19837,11354,15514,0.05,125,0.515125460204372,0.060384180301512304,0.5151254602043721,0.09146577285032874,-90.72732782692081,0.05837173579109063,651,-59063.49041532547,-96.38388003519263
executable_arb_q10000_5m,price_book_frag,gross_arb_threshold,19837,11354,15514,0.05,125,0.515125460204372,0.060384180301512304,0.5151254602043721,0.09146577285032874,-90.72732782692081,0.05837173579109063,651,-59063.49041532547,-96.38388003519263
executable_arb_q10000_5m,price_book_settle,gross_arb_threshold,19837,11354,15514,0.05,125,0.515125460204372,0.060384180301512304,0.5151254602043721,0.09146577285032874,-90.72732782692081,0.05837173579109063,651,-59063.49041532547,-96.38388003519263
executable_arb_q10000_5m,price_only,no_trade,19837,11354,15514,0.5,0,0.5,0.057625370632976666,0.5,0.057625370632976666,nan,nan,0,0.0,nan
executable_arb_q10000_5m,price_only,lasso,19837,11354,15514,0.5,0,0.5,0.057625370632976666,0.5,0.057625370632976666,nan,nan,0,0.0,nan
executable_arb_q10000_5m,price_only,xgb,19837,11354,15514,0.5,0,0.5,0.057625370632976666,0.5,0.05762525647878647,nan,nan,0,0.0,nan
executable_arb_q10000_5m,price_only,lgbm,19837,11354,15514,0.5,0,0.5,0.057625370632976666,0.5,0.05762537063297655,nan,nan,0,0.0,nan
executable_arb_q10000_5m,price_plus_book,no_trade,19837,11354,15514,0.5,0,0.5,0.057625370632976666,0.5,0.057625370632976666,nan,nan,0,0.0,nan
executable_arb_q10000_5m,price_plus_book,lasso,19837,11354,15514,0.5,0,0.5,0.057625370632976666,0.5,0.057625370632976666,nan,nan,0,0.0,nan
executable_arb_q10000_5m,price_plus_book,xgb,19837,11354,15514,0.5,0,0.5,0.057625370632976666,0.5,0.05762525647878647,nan,nan,0,0.0,nan
executable_arb_q10000_5m,price_plus_book,lgbm,19837,11354,15514,0.5,0,0.5,0.057625370632976666,0.5,0.05762537063297655,nan,nan,0,0.0,nan
executable_arb_q10000_5m,price_book_frag,no_trade,19837,11354,15514,0.5,0,0.5,0.057625370632976666,0.5,0.057625370632976666,nan,nan,0,0.0,nan
executable_arb_q10000_5m,price_book_frag,lasso,19837,11354,15514,0.5,0,0.5,0.057625370632976666,0.5,0.057625370632976666,nan,nan,0,0.0,nan
executable_arb_q10000_5m,price_book_frag,xgb,19837,11354,15514,0.5,0,0.5,0.057625370632976666,0.5,0.05762525647878647,nan,nan,0,0.0,nan
executable_arb_q10000_5m,price_book_frag,lgbm,19837,11354,15514,0.5,0,0.5,0.057625370632976666,0.5,0.05762537063297655,nan,nan,0,0.0,nan
executable_arb_q10000_5m,price_book_settle,no_trade,19837,11354,15514,0.5,0,0.5,0.057625370632976666,0.5,0.057625370632976666,nan,nan,0,0.0,nan
executable_arb_q10000_5m,price_book_settle,lasso,19837,11354,15514,0.5,0,0.5,0.057625370632976666,0.5,0.057625370632976666,nan,nan,0,0.0,nan
executable_arb_q10000_5m,price_book_settle,xgb,19837,11354,15514,0.5,0,0.5,0.057625370632976666,0.5,0.05762525647878647,nan,nan,0,0.0,nan
executable_arb_q10000_5m,price_book_settle,lgbm,19837,11354,15514,0.5,0,0.5,0.057625370632976666,0.5,0.05762537063297655,nan,nan,0,0.0,nan
executable_arb_q50000_5m,price_only,oracle,17237,11340,15066,0.5,0,0.760385756676558,0.5422105150788559,0.760385756676558,0.02143900172574008,146.745266336421,1.0,351,257537.9424204187,80.86783612130418
executable_arb_q50000_5m,price_plus_book,oracle,17237,11340,15066,0.5,0,0.760385756676558,0.5422105150788559,0.760385756676558,0.02143900172574008,146.745266336421,1.0,351,257537.9424204187,80.86783612130418
executable_arb_q50000_5m,price_book_frag,oracle,17237,11340,15066,0.5,0,0.760385756676558,0.5422105150788559,0.760385756676558,0.02143900172574008,146.745266336421,1.0,351,257537.9424204187,80.86783612130418
executable_arb_q50000_5m,price_book_settle,oracle,17237,11340,15066,0.5,0,0.760385756676558,0.5422105150788559,0.760385756676558,0.02143900172574008,146.745266336421,1.0,351,257537.9424204187,80.86783612130418
executable_arb_q50000_5m,price_only,gross_arb_threshold,17237,11340,15066,0.05,125,0.5174405538520411,0.047400055638777125,0.5174405538520411,0.08031328819859286,-112.72975977196693,0.04075235109717868,638,-359607.93367257476,-95.10680836670512
executable_arb_q50000_5m,price_plus_book,gross_arb_threshold,17237,11340,15066,0.05,125,0.5174405538520411,0.047400055638777125,0.5174405538520411,0.08031328819859286,-112.72975977196693,0.04075235109717868,638,-359607.93367257476,-95.10680836670512
executable_arb_q50000_5m,price_book_frag,gross_arb_threshold,17237,11340,15066,0.05,125,0.5174405538520411,0.047400055638777125,0.5174405538520411,0.08031328819859286,-112.72975977196693,0.04075235109717868,638,-359607.93367257476,-95.10680836670512
executable_arb_q50000_5m,price_book_settle,gross_arb_threshold,17237,11340,15066,0.05,125,0.5174405538520411,0.047400055638777125,0.5174405538520411,0.08031328819859286,-112.72975977196693,0.04075235109717868,638,-359607.93367257476,-95.10680836670512
executable_arb_q50000_5m,price_only,price_threshold_10bps,17237,11340,15066,0.05,1280,0.618482510890488,0.0676924297335854,0.6184825108904881,0.1871764237355635,-223.13743689006728,0.0512630014858841,2692,-3003429.9005403006,-164.97886947700425
executable_arb_q50000_5m,price_plus_book,price_threshold_10bps,17237,11340,15066,0.05,1280,0.618482510890488,0.0676924297335854,0.6184825108904881,0.1871764237355635,-223.13743689006728,0.0512630014858841,2692,-3003429.9005403006,-164.97886947700425
executable_arb_q50000_5m,price_book_frag,price_threshold_10bps,17237,11340,15066,0.05,1280,0.618482510890488,0.0676924297335854,0.6184825108904881,0.1871764237355635,-223.13743689006728,0.0512630014858841,2692,-3003429.9005403006,-164.97886947700425
executable_arb_q50000_5m,price_book_settle,price_threshold_10bps,17237,11340,15066,0.05,1280,0.618482510890488,0.0676924297335854,0.6184825108904881,0.1871764237355635,-223.13743689006728,0.0512630014858841,2692,-3003429.9005403006,-164.97886947700425
executable_arb_q50000_5m,price_only,price_threshold_25bps,17237,11340,15066,0.05,116,0.5716746486260913,0.06296844007449116,0.5716746486260913,0.0955794504181601,-289.0962732616468,0.05651340996168582,1044,-1509082.5464257973,-107.27741906586081
executable_arb_q50000_5m,price_plus_book,price_threshold_25bps,17237,11340,15066,0.05,116,0.5716746486260913,0.06296844007449116,0.5716746486260913,0.0955794504181601,-289.0962732616468,0.05651340996168582,1044,-1509082.5464257973,-107.27741906586081
executable_arb_q50000_5m,price_book_frag,price_threshold_25bps,17237,11340,15066,0.05,116,0.5716746486260913,0.06296844007449116,0.5716746486260913,0.0955794504181601,-289.0962732616468,0.05651340996168582,1044,-1509082.5464257973,-107.27741906586081
executable_arb_q50000_5m,price_book_settle,price_threshold_25bps,17237,11340,15066,0.05,116,0.5716746486260913,0.06296844007449116,0.5716746486260913,0.0955794504181601,-289.0962732616468,0.05651340996168582,1044,-1509082.5464257973,-107.27741906586081
executable_arb_q50000_5m,price_only,no_trade,17237,11340,15066,0.5,0,0.5,0.0447364927651666,0.5,0.0447364927651666,nan,nan,0,0.0,nan
executable_arb_q50000_5m,price_only,lasso,17237,11340,15066,0.5,0,0.5,0.0447364927651666,0.5,0.0447364927651666,nan,nan,0,0.0,nan
executable_arb_q50000_5m,price_only,xgb,17237,11340,15066,0.5,0,0.5,0.0447364927651666,0.5,0.04473640397191048,nan,nan,0,0.0,nan
executable_arb_q50000_5m,price_only,lgbm,17237,11340,15066,0.5,0,0.5,0.0447364927651666,0.5,0.04473649276516651,nan,nan,0,0.0,nan
executable_arb_q50000_5m,price_plus_book,no_trade,17237,11340,15066,0.5,0,0.5,0.0447364927651666,0.5,0.0447364927651666,nan,nan,0,0.0,nan
executable_arb_q50000_5m,price_plus_book,lasso,17237,11340,15066,0.5,0,0.5,0.0447364927651666,0.5,0.0447364927651666,nan,nan,0,0.0,nan
executable_arb_q50000_5m,price_plus_book,xgb,17237,11340,15066,0.5,0,0.5,0.0447364927651666,0.5,0.04473640397191048,nan,nan,0,0.0,nan
executable_arb_q50000_5m,price_plus_book,lgbm,17237,11340,15066,0.5,0,0.5,0.0447364927651666,0.5,0.04473649276516651,nan,nan,0,0.0,nan
executable_arb_q50000_5m,price_book_frag,no_trade,17237,11340,15066,0.5,0,0.5,0.0447364927651666,0.5,0.0447364927651666,nan,nan,0,0.0,nan
executable_arb_q50000_5m,price_book_frag,lasso,17237,11340,15066,0.5,0,0.5,0.0447364927651666,0.5,0.0447364927651666,nan,nan,0,0.0,nan
executable_arb_q50000_5m,price_book_frag,xgb,17237,11340,15066,0.5,0,0.5,0.0447364927651666,0.5,0.04473640397191048,nan,nan,0,0.0,nan
executable_arb_q50000_5m,price_book_frag,lgbm,17237,11340,15066,0.5,0,0.5,0.0447364927651666,0.5,0.04473649276516651,nan,nan,0,0.0,nan
executable_arb_q50000_5m,price_book_settle,no_trade,17237,11340,15066,0.5,0,0.5,0.0447364927651666,0.5,0.0447364927651666,nan,nan,0,0.0,nan
executable_arb_q50000_5m,price_book_settle,lasso,17237,11340,15066,0.5,0,0.5,0.0447364927651666,0.5,0.0447364927651666,nan,nan,0,0.0,nan
executable_arb_q50000_5m,price_book_settle,xgb,17237,11340,15066,0.5,0,0.5,0.0447364927651666,0.5,0.04473640397191048,nan,nan,0,0.0,nan
executable_arb_q50000_5m,price_book_settle,lgbm,17237,11340,15066,0.5,0,0.5,0.0447364927651666,0.5,0.04473649276516651,nan,nan,0,0.0,nan
